[
  {
    "model_type": "XGBoost",
    "features": [
      "consumption",
      "year",
      "month",
      "day_of_week",
      "day_of_year",
      "is_weekend",
      "consumption_7d_mean",
      "consumption_7d_std",
      "consumption_7d_max",
      "consumption_7d_min",
      "consumption_30d_mean",
      "consumption_30d_std",
      "consumption_lag1",
      "consumption_lag7",
      "meter_mean",
      "meter_std",
      "meter_min",
      "meter_max",
      "meter_median",
      "meter_q1",
      "meter_q3",
      "meter_skew",
      "meter_kurt",
      "meter_range",
      "meter_iqr",
      "meter_cv",
      "season_winter"
    ],
    "n_features": 27,
    "training_samples": 740689,
    "test_samples": 134463,
    "test_auc": 0.8672240371899335,
    "model_params": {
      "objective": "binary:logistic",
      "max_depth": 6,
      "learning_rate": 0.1,
      "n_estimators": 200,
      "subsample": 0.8,
      "colsample_bytree": 0.8,
      "reg_alpha": 0.1,
      "reg_lambda": 1.0,
      "random_state": 42,
      "eval_metric": "auc"
    },
    "feature_importance": [
      {
        "feature": "is_weekend",
        "importance": 0.14141497015953064
      },
      {
        "feature": "day_of_week",
        "importance": 0.13107874989509583
      },
      {
        "feature": "meter_max",
        "importance": 0.06359145790338516
      },
      {
        "feature": "meter_min",
        "importance": 0.05907580256462097
      },
      {
        "feature": "meter_range",
        "importance": 0.05011746287345886
      },
      {
        "feature": "meter_std",
        "importance": 0.04291485995054245
      },
      {
        "feature": "meter_cv",
        "importance": 0.03975721076130867
      },
      {
        "feature": "meter_median",
        "importance": 0.03570713475346565
      },
      {
        "feature": "meter_q1",
        "importance": 0.034853361546993256
      },
      {
        "feature": "consumption_7d_min",
        "importance": 0.034403275698423386
      },
      {
        "feature": "meter_skew",
        "importance": 0.03410003334283829
      },
      {
        "feature": "meter_iqr",
        "importance": 0.033557742834091187
      },
      {
        "feature": "meter_q3",
        "importance": 0.03354320675134659
      },
      {
        "feature": "consumption_30d_mean",
        "importance": 0.032573070377111435
      },
      {
        "feature": "meter_mean",
        "importance": 0.03248603641986847
      },
      {
        "feature": "day_of_year",
        "importance": 0.032393619418144226
      },
      {
        "feature": "consumption_7d_std",
        "importance": 0.031680379062891006
      },
      {
        "feature": "meter_kurt",
        "importance": 0.03137349337339401
      },
      {
        "feature": "consumption_7d_max",
        "importance": 0.022318756207823753
      },
      {
        "feature": "consumption_7d_mean",
        "importance": 0.01966465637087822
      }
    ],
    "training_date": "2025-08-06 13:29:23",
    "dataset_info": {
      "total_meters": 25863,
      "total_records": 672313,
      "theft_rate": 8.19127400481621,
      "date_range": "2014-01-01 00:00:00 to 2014-01-26 00:00:00"
    }
  }
]